<?xml version="1.0" encoding="UTF-8"?>
<beans xmlns="http://www.springframework.org/schema/beans"
       xmlns:xsi="http://www.w3.org/2001/XMLSchema-instance"
       xmlns:context="http://www.springframework.org/schema/context"
       xmlns:aop="http://www.springframework.org/schema/aop"
       xsi:schemaLocation="http://www.springframework.org/schema/beans
       http://www.springframework.org/schema/beans/spring-beans.xsd
       http://www.springframework.org/schema/context
       http://www.springframework.org/schema/context/spring-context.xsd
       http://www.springframework.org/schema/aop
       http://www.springframework.org/schema/aop/spring-aop.xsd">

    <aop:aspectj-autoproxy />

    <bean class="com.example.aspect.LoggingAspect">
    </bean>

    <bean class="com.example.repository.BookRepository" id="bookRepository">
    </bean>

    <bean class="com.example.service.BookService">
        <constructor-arg name="bookRepository" ref="bookRepository" />
    </bean>

</beans>